{"cameraMode":{"drawMode":0,"name":"Shaded","section":"Shading Mode"},"sceneLighting":false,"audioPlay":false,"sceneViewState":{"showFog":true,"showMaterialUpdate":true,"showSkybox":true,"showFlares":true,"showImageEffects":true,"showParticleSystems":true},"in2DMode":false,"pivot":{"x":530.4512939453125,"y":-0.9210212230682373,"z":742.0151977539063},"rotation":{"x":-0.05806276947259903,"y":0.9359018206596375,"z":-0.2944490909576416,"w":-0.18455784022808076},"size":0.8199085593223572,"orthographic":false}