{"cameraMode":{"drawMode":0,"name":"Shaded","section":"Shading Mode"},"sceneLighting":false,"audioPlay":false,"sceneViewState":{"showFog":true,"showMaterialUpdate":true,"showSkybox":true,"showFlares":true,"showImageEffects":true,"showParticleSystems":true},"in2DMode":false,"pivot":{"x":-216.6921844482422,"y":122.84806823730469,"z":-147.4254150390625},"rotation":{"x":0.14184486865997315,"y":0.8565555810928345,"z":-0.32124659419059756,"w":0.3782061040401459},"size":70.74966430664063,"orthographic":false}