{"cameraMode":{"drawMode":0,"name":"Shaded","section":"Shading Mode"},"sceneLighting":false,"audioPlay":false,"sceneViewState":{"showFog":true,"showMaterialUpdate":true,"showSkybox":true,"showFlares":true,"showImageEffects":true,"showParticleSystems":true},"in2DMode":false,"pivot":{"x":-196.10000610351563,"y":122.7667465209961,"z":-135.6999969482422},"rotation":{"x":0.14184486865997315,"y":0.8565555810928345,"z":-0.32124659419059756,"w":0.3782061040401459},"size":8.051067352294922,"orthographic":false}