{"cameraMode":{"drawMode":0,"name":"Shaded","section":"Shading Mode"},"sceneLighting":false,"audioPlay":false,"sceneViewState":{"showFog":true,"showMaterialUpdate":true,"showSkybox":true,"showFlares":true,"showImageEffects":true,"showParticleSystems":true},"in2DMode":false,"pivot":{"x":0.017591670155525209,"y":0.11584518849849701,"z":0.012358695268630982},"rotation":{"x":0.09080594033002854,"y":0.907240092754364,"z":-0.2572578191757202,"w":0.32020747661590578},"size":2.885006904602051,"orthographic":false}