{"cameraMode":{"drawMode":0,"name":"Shaded","section":"Shading Mode"},"sceneLighting":false,"audioPlay":false,"sceneViewState":{"showFog":true,"showMaterialUpdate":true,"showSkybox":true,"showFlares":true,"showImageEffects":true,"showParticleSystems":true},"in2DMode":false,"pivot":{"x":-187.0620574951172,"y":174.46963500976563,"z":-176.91973876953126},"rotation":{"x":-0.03077949956059456,"y":0.9407969117164612,"z":-0.32572972774505618,"w":-0.0888829156756401},"size":5.087029933929443,"orthographic":false}