{"cameraMode":{"drawMode":0,"name":"Shaded","section":"Shading Mode"},"sceneLighting":false,"audioPlay":false,"sceneViewState":{"showFog":true,"showMaterialUpdate":true,"showSkybox":true,"showFlares":true,"showImageEffects":true,"showParticleSystems":true},"in2DMode":false,"pivot":{"x":-174.92774963378907,"y":122.55948638916016,"z":-253.30856323242188},"rotation":{"x":0.14184486865997315,"y":0.8565555810928345,"z":-0.32124659419059756,"w":0.3782061040401459},"size":9.324066162109375,"orthographic":false}