{"cameraMode":{"drawMode":0,"name":"Shaded","section":"Shading Mode"},"sceneLighting":false,"audioPlay":false,"sceneViewState":{"showFog":true,"showMaterialUpdate":true,"showSkybox":true,"showFlares":true,"showImageEffects":true,"showParticleSystems":true},"in2DMode":false,"pivot":{"x":-205.47523498535157,"y":121.6009292602539,"z":-198.68228149414063},"rotation":{"x":-0.04414588212966919,"y":0.947841227054596,"z":-0.15083175897598267,"w":-0.27738457918167117},"size":0.5496455430984497,"orthographic":false}