{"cameraMode":{"drawMode":0,"name":"Shaded","section":"Shading Mode"},"sceneLighting":false,"audioPlay":false,"sceneViewState":{"showFog":true,"showMaterialUpdate":true,"showSkybox":true,"showFlares":true,"showImageEffects":true,"showParticleSystems":true},"in2DMode":false,"pivot":{"x":-56.53535461425781,"y":105.70130157470703,"z":-173.71206665039063},"rotation":{"x":-0.03077949956059456,"y":0.9407969117164612,"z":-0.32572972774505618,"w":-0.0888829156756401},"size":1.8440409898757935,"orthographic":false}