{"cameraMode":{"drawMode":0,"name":"Shaded","section":"Shading Mode"},"sceneLighting":false,"audioPlay":false,"sceneViewState":{"showFog":true,"showMaterialUpdate":true,"showSkybox":true,"showFlares":true,"showImageEffects":true,"showParticleSystems":true},"in2DMode":false,"pivot":{"x":-440.2457275390625,"y":0.4866027235984802,"z":-384.3447570800781},"rotation":{"x":-0.08822859078645706,"y":0.9084639549255371,"z":-0.3267960548400879,"w":-0.2452734410762787},"size":9.446211814880371,"orthographic":false}