{"cameraMode":{"drawMode":0,"name":"Shaded","section":"Shading Mode"},"sceneLighting":false,"audioPlay":false,"sceneViewState":{"showFog":true,"showMaterialUpdate":true,"showSkybox":true,"showFlares":true,"showImageEffects":true,"showParticleSystems":true},"in2DMode":false,"pivot":{"x":-0.3000509738922119,"y":1.4945712089538575,"z":-1.1762795448303223},"rotation":{"x":0.010514561086893082,"y":-0.9875963926315308,"z":0.13866737484931947,"w":0.07421503216028214},"size":16.698034286499025,"orthographic":false}