{"cameraMode":{"drawMode":0,"name":"Shaded","section":"Shading Mode"},"sceneLighting":false,"audioPlay":false,"sceneViewState":{"showFog":true,"showMaterialUpdate":true,"showSkybox":true,"showFlares":true,"showImageEffects":true,"showParticleSystems":true},"in2DMode":false,"pivot":{"x":-184.7771759033203,"y":121.14916229248047,"z":-202.68667602539063},"rotation":{"x":0.0011792877921834589,"y":0.9690983295440674,"z":-0.004663734696805477,"w":0.24673083424568177},"size":4.332703113555908,"orthographic":false}