{"cameraMode":{"drawMode":0,"name":"Shaded","section":"Shading Mode"},"sceneLighting":false,"audioPlay":false,"sceneViewState":{"showFog":true,"showMaterialUpdate":true,"showSkybox":true,"showFlares":true,"showImageEffects":true,"showParticleSystems":true},"in2DMode":false,"pivot":{"x":-224.95794677734376,"y":122.9193115234375,"z":-146.60694885253907},"rotation":{"x":0.14184486865997315,"y":0.8565555810928345,"z":-0.32124659419059756,"w":0.3782061040401459},"size":42.675682067871097,"orthographic":false}