{"cameraMode":{"drawMode":0,"name":"Shaded","section":"Shading Mode"},"sceneLighting":false,"audioPlay":false,"sceneViewState":{"showFog":true,"showMaterialUpdate":true,"showSkybox":true,"showFlares":true,"showImageEffects":true,"showParticleSystems":true},"in2DMode":false,"pivot":{"x":-205.0662841796875,"y":135.9105987548828,"z":-121.90930938720703},"rotation":{"x":0.09080594033002854,"y":0.907240092754364,"z":-0.2572578191757202,"w":0.32020747661590578},"size":17.773609161376954,"orthographic":false}