{"cameraMode":{"drawMode":0,"name":"Shaded","section":"Shading Mode"},"sceneLighting":false,"audioPlay":false,"sceneViewState":{"showFog":true,"showMaterialUpdate":true,"showSkybox":true,"showFlares":true,"showImageEffects":true,"showParticleSystems":true},"in2DMode":false,"pivot":{"x":-0.06678050756454468,"y":1.0165472030639649,"z":-0.2845270037651062},"rotation":{"x":0.09883079677820206,"y":0.8802122473716736,"z":-0.209793359041214,"w":0.41437476873397829},"size":4.640063285827637,"orthographic":false}