{"cameraMode":{"drawMode":0,"name":"Shaded","section":"Shading Mode"},"sceneLighting":false,"audioPlay":false,"sceneViewState":{"showFog":true,"showMaterialUpdate":true,"showSkybox":true,"showFlares":true,"showImageEffects":true,"showParticleSystems":true},"in2DMode":false,"pivot":{"x":-60.17778778076172,"y":107.34678649902344,"z":-167.72218322753907},"rotation":{"x":0.06419546157121659,"y":0.9239160418510437,"z":-0.3323538899421692,"w":0.17845577001571656},"size":13.834330558776856,"orthographic":false}