{"cameraMode":{"drawMode":0,"name":"Shaded","section":"Shading Mode"},"sceneLighting":false,"audioPlay":false,"sceneViewState":{"showFog":true,"showMaterialUpdate":true,"showSkybox":true,"showFlares":true,"showImageEffects":true,"showParticleSystems":true},"in2DMode":false,"pivot":{"x":-185.50241088867188,"y":125.22409057617188,"z":-251.47067260742188},"rotation":{"x":0.14184486865997315,"y":0.8565555810928345,"z":-0.32124659419059756,"w":0.3782061040401459},"size":18.047351837158204,"orthographic":false}