{"cameraMode":{"drawMode":0,"name":"Shaded","section":"Shading Mode"},"sceneLighting":false,"audioPlay":false,"sceneViewState":{"showFog":true,"showMaterialUpdate":true,"showSkybox":true,"showFlares":true,"showImageEffects":true,"showParticleSystems":true},"in2DMode":false,"pivot":{"x":-0.005762338638305664,"y":9.968088150024414,"z":-0.09954273700714112},"rotation":{"x":0.09080594033002854,"y":0.907240092754364,"z":-0.2572578191757202,"w":0.32020747661590578},"size":39.30908203125,"orthographic":false}