{"cameraMode":{"drawMode":0,"name":"Shaded","section":"Shading Mode"},"sceneLighting":true,"audioPlay":false,"sceneViewState":{"showFog":true,"showMaterialUpdate":true,"showSkybox":true,"showFlares":true,"showImageEffects":true,"showParticleSystems":true},"in2DMode":false,"pivot":{"x":161.6528778076172,"y":-26.645065307617189,"z":401.9228515625},"rotation":{"x":0.09883079677820206,"y":0.8802122473716736,"z":-0.209793359041214,"w":0.41437476873397829},"size":3360.64013671875,"orthographic":false}