{"cameraMode":{"drawMode":0,"name":"Shaded","section":"Shading Mode"},"sceneLighting":false,"audioPlay":false,"sceneViewState":{"showFog":true,"showMaterialUpdate":true,"showSkybox":true,"showFlares":true,"showImageEffects":true,"showParticleSystems":true},"in2DMode":false,"pivot":{"x":554.8984375,"y":0.30097681283950808,"z":717.9694213867188},"rotation":{"x":-0.07309912890195847,"y":0.9101199507713318,"z":-0.3648959994316101,"w":-0.1823086440563202},"size":4.988554954528809,"orthographic":false}